label,probability
P001,0.016922136768698692
P002,0.0033688561525195837
P003,0.016920343041419983
P004,0.5135716795921326
P005,0.01887904852628708
P006,0.014528182335197926
P007,0.023847635835409164
P008,0.30723679065704346
P009,0.00792734045535326
P010,0.07679799944162369