label,probability
P001,0.008425393141806126
P002,0.004763222299516201
P003,0.8833695650100708
P004,0.013247296214103699
P005,0.014231186360120773
P006,0.0008298978791572154
P007,0.0645875483751297
P008,0.0036239188630133867
P009,0.0012158494209870696
P010,0.005706127732992172